	0
C06037	yellow
G00010	yellow
C03516	yellow
C16165	yellow
C20676	green
C01613	yellow
C00343	green
C11243	yellow
C18044	yellow
C05850	green
G00067	yellow
C02962	blue
C00714	yellow
C06441	blue
C05299	yellow
C05762	green
C00899	yellow
C03263	green
C08616	yellow
C05265	green
C02906	yellow
C00498	green
C05843	yellow
C05727	yellow
C10447	blue
C00390	green
C01490	yellow
C04713	yellow
C11542	blue
C00794	green
C00252	blue
C05577	green
C05696	green
C00345	green
C00191	green
C04631	blue
C07091	yellow
C05297	yellow
C04506	green
C20863	green
C17148	yellow
C06614	green
C00264	yellow
G00060	yellow
C00798	blue
C03028	green
C16399	blue
C00764	blue
C06010	green
C12208	yellow
C02051	green
C05585	yellow
C00936	yellow
C03167	blue
C06011	yellow
C16226	yellow
C00008	green
C22551	yellow
C01243	yellow
C04088	green
C02320	yellow
C20991	yellow
C11864	yellow
C15803	yellow
C17570	yellow
C20251	blue
C15882	yellow
C00774	yellow
C00093	green
C01045	green
C02946	green
C21113	green
C15968	yellow
C16164	yellow
C02415	green
G00013	yellow
C12287	yellow
C05825	blue
C19614	yellow
G10694	yellow
C00369	green
C00881	green
C16324	yellow
C06157	green
C19845	blue
G00001	yellow
C01528	green
C03758	yellow
G00055	yellow
C11174	yellow
C13482	yellow
C14153	yellow
C00100	green
C14812	yellow
C01213	yellow
C05478	yellow
C11838	blue
C00071	green
C00074	green
C05746	green
G13026	yellow
C18239	green
C19559	yellow
C00482	yellow
C00488	blue
C16541	yellow
C01146	yellow
C11863	yellow
C00309	blue
C21215	blue
C16596	green
C20775	yellow
C08830	yellow
C18170	yellow
C06112	green
C15915	yellow
C02646	yellow
G13128	yellow
C05421	yellow
C11545	blue
C00079	green
C22112	yellow
G02632	yellow
C08601	yellow
C01753	yellow
C00999	yellow
C04294	blue
C00387	green
C16643	yellow
C14874	yellow
C16739	yellow
C07838	blue
C21458	yellow
C00422	yellow
C22442	green
C19871	blue
C00692	blue
C03428	yellow
C05498	yellow
C12203	yellow
C00063	green
C00680	green
C11061	yellow
C20769	blue
C15786	yellow
C00114	green
G00145	yellow
C05980	green
G00044	yellow
C16376	yellow
C15546	yellow
C00047	green
C16669	yellow
C00508	blue
C05637	yellow
C00380	blue
C05768	green
C06022	green
C03824	yellow
C01623	yellow
C20375	green
G00155	yellow
C03431	blue
G10113	yellow
G13024	yellow
C02737	green
C00966	green
C00073	green
C00575	yellow
C00145	green
C03161	green
C03082	green
C00570	yellow
C17223	green
C20755	blue
C11508	yellow
C00638	green
G00428	yellow
C17267	yellow
C00402	blue
C00154	green
C05842	yellow
C15978	green
C19595	yellow
G00036	yellow
C01885	green
C11860	yellow
C20701	yellow
C22853	yellow
C01107	green
C00762	yellow
C11355	yellow
C21937	yellow
C04262	yellow
C01450	yellow
G00304	yellow
C04317	green
C04287	blue
G13179	blue
C04073	yellow
C00416	green
C11875	yellow
C21463	blue
C00624	green
C06404	yellow
C00227	blue
C05499	yellow
C14825	yellow
C04483	blue
C02198	yellow
C04802	yellow
C05956	yellow
C19873	yellow
C05640	green
C00523	yellow
C04438	green
C21754	yellow
C00718	green
C00415	green
C00294	green
C16679	yellow
C05488	yellow
C03794	green
C00344	green
C14810	yellow
C00003	green
C22007	yellow
C01747	yellow
C00246	blue
C03129	yellow
C16638	yellow
C00312	yellow
C00169	green
C21101	blue
C00704	green
C02463	green
C05307	yellow
G05309	yellow
C04089	yellow
C11135	yellow
C06506	green
G00059	yellow
C00300	green
C00459	green
C01051	green
C21016	yellow
C16711	yellow
C00120	green
C22123	yellow
C01094	green
C04477	yellow
C00135	green
C00261	yellow
C05791	green
C12205	yellow
C16502	green
C00645	green
C01641	green
C16336	yellow
C00214	green
C03885	yellow
C00617	green
C05691	green
G00005	yellow
C00406	yellow
C12138	yellow
C16521	yellow
C00721	green
C22441	green
G00526	yellow
C12204	yellow
C02972	green
C00201	green
C14840	yellow
C01190	green
C09265	yellow
G12573	yellow
C06376	blue
C01210	yellow
C05227	yellow
C13816	yellow
C01494	yellow
C00031	green
C03539	blue
C16429	yellow
G00883	yellow
C00028	green
C15965	yellow
C14748	yellow
C01371	yellow
C17337	yellow
C05756	green
C01629	yellow
C17332	yellow
G02977	yellow
C18310	yellow
C00136	green
C03402	green
C08590	yellow
C16273	blue
C16255	yellow
C16698	blue
C21797	yellow
C06407	blue
G00092	green
C14151	yellow
C22092	blue
C04717	yellow
C05501	yellow
C00170	green
C00039	green
C16677	yellow
C14768	yellow
C16276	yellow
C00020	green
C00121	green
C00129	green
C01209	green
C03410	yellow
C05431	yellow
C00735	yellow
C16360	yellow
C04637	yellow
C05285	yellow
C20376	green
C16428	yellow
C02465	yellow
C05455	yellow
C04919	green
C11435	green
C20422	blue
C05261	green
G10008	blue
C00996	yellow
C00179	green
C04216	blue
G00006	yellow
C19765	yellow
C00458	green
C02995	blue
C17346	yellow
C16430	yellow
C02967	green
C14787	yellow
C19878	blue
C02047	green
C04121	green
C11437	green
C01186	blue
C19591	yellow
C16328	yellow
C15814	green
C16489	blue
C11404	blue
C00672	green
C10107	yellow
C04913	yellow
C00037	green
C00487	yellow
C00533	yellow
C05824	green
C05810	blue
C15809	blue
C20861	blue
C11872	yellow
C05698	green
C05336	green
C02140	yellow
C20758	blue
C11455	yellow
C20395	blue
C05802	yellow
C05923	green
C04441	yellow
C05659	yellow
C12248	green
C06125	yellow
C01327	green
C00741	blue
C04145	yellow
C03341	blue
C00095	green
C01931	green
C19802	yellow
C01250	green
C18045	yellow
C05583	yellow
C00658	yellow
C05645	yellow
G10620	yellow
C01119	yellow
C00159	green
C00667	green
C03406	green
C20641	green
C00423	yellow
G00027	yellow
C11865	yellow
C16186	blue
C00133	blue
C14749	yellow
G00026	yellow
C01301	yellow
C00561	green
C01131	blue
C00097	green
C05651	yellow
C11868	yellow
C03127	green
C04760	yellow
C00155	green
C11131	yellow
C00022	green
C05447	yellow
C14859	yellow
C17213	green
C21188	yellow
C03765	yellow
C01158	yellow
C22966	yellow
G13058	yellow
C00279	green
G00099	yellow
C04732	green
C16613	yellow
C17017	blue
C17323	green
G00278	yellow
C21151	yellow
C03912	green
C00112	green
C02163	green
C05772	blue
C04722	yellow
C19085	green
C14090	green
C01037	green
C19882	blue
C00198	blue
C04352	green
C14044	yellow
C00190	green
C21758	yellow
G00025	yellow
C05726	green
C23022	blue
G13167	blue
C02412	green
C13713	yellow
C14791	yellow
C21750	yellow
G13074	yellow
C05466	yellow
C03232	green
C03508	green
C16355	yellow
C05841	green
C11556	yellow
C15790	yellow
C16693	yellow
C04230	green
C11857	yellow
C00909	yellow
C06123	yellow
C21008	green
C01825	yellow
C11453	green
C06224	blue
C04896	green
C11173	green
C16424	yellow
C06128	green
C05660	yellow
C11406	blue
C14800	yellow
C06247	yellow
C02090	yellow
C14463	green
C00161	green
C19673	blue
C01530	yellow
C00313	yellow
C03454	yellow
C14792	yellow
C17622	yellow
C12135	yellow
G13037	yellow
C21000	yellow
C04153	blue
C00353	green
G10545	green
G00086	yellow
C14773	yellow
C05921	green
C04730	green
C03564	yellow
C17227	green
C05759	green
C15520	yellow
C00450	yellow
C11417	blue
C02084	blue
C05298	yellow
C00248	green
C05828	yellow
C05460	yellow
C20700	yellow
C21284	blue
G00171	yellow
C20722	yellow
C04926	yellow
C00204	blue
C00130	yellow
C00962	green
C19846	green
G13034	yellow
C03838	green
C00032	green
C00535	green
G00012	yellow
G00038	yellow
C14856	yellow
C15645	yellow
G13341	yellow
G00474	yellow
C00005	green
C00882	green
C00666	blue
C16389	yellow
C02171	yellow
G10981	yellow
C05648	yellow
C01898	green
G10553	green
C08591	yellow
C01172	green
C11526	yellow
C14868	yellow
C20390	blue
C04881	blue
C00146	blue
C00072	yellow
C04432	green
C00940	yellow
G06302	yellow
C05960	yellow
C00460	green
C00307	yellow
C11557	yellow
G00100	yellow
G00129	yellow
C06090	yellow
C05427	yellow
C21881	blue
C20859	yellow
C18022	yellow
C05276	yellow
C00088	green
C06561	yellow
C05584	yellow
C11132	yellow
C00621	yellow
C21065	green
C05787	yellow
C00354	green
C12127	yellow
C01245	yellow
C14772	yellow
C02713	green
C06188	blue
C03372	yellow
C01168	green
C14807	yellow
C17758	yellow
C00035	green
C00258	green
C02191	yellow
C01220	yellow
C19078	green
C16584	yellow
C00399	green
C00054	green
C15979	green
C21878	blue
C05758	green
C06507	blue
G00146	yellow
C00213	yellow
C05830	yellow
C00864	green
G00165	yellow
C02553	green
C19418	yellow
C03921	blue
C11947	yellow
C16291	yellow
C00861	blue
C03025	yellow
C06510	blue
C00058	green
C02411	yellow
C03160	green
C01269	green
G00050	yellow
C00328	yellow
C00218	yellow
G13027	yellow
C00166	green
C07446	yellow
C05402	green
C16216	yellow
C20936	yellow
C00492	green
C05751	green
C03024	yellow
C19562	yellow
C06563	green
C00409	green
C14782	yellow
C01197	yellow
C01780	yellow
C22119	yellow
C02336	green
C05545	yellow
C02338	blue
C00663	blue
C06472	yellow
C00144	green
C16612	yellow
C20753	blue
C18796	green
C22159	green
C00104	green
C11830	yellow
C22157	yellow
C00160	green
C00671	green
C05849	yellow
C05674	yellow
G10506	yellow
C19563	yellow
C02960	yellow
C04196	yellow
C06567	blue
C21640	yellow
G00104	yellow
C04327	green
C00647	green
C18060	yellow
G00075	yellow
C16254	green
C06504	blue
C15810	green
C11583	yellow
G00149	yellow
C00082	yellow
C16615	green
C15857	yellow
C00131	green
C04824	blue
C06423	green
C21462	blue
C22854	yellow
C03289	yellow
G13350	yellow
C16582	yellow
C11062	blue
C05138	yellow
C02280	yellow
C16834	yellow
C05699	green
C05675	yellow
C04006	green
C01267	green
C04677	green
C00085	green
C00341	green
C01563	green
C01368	blue
C01227	yellow
C18904	yellow
C00254	green
G00110	yellow
C11420	blue
C17401	blue
C05223	green
C06613	green
C03125	green
C00493	yellow
C05894	blue
C02075	yellow
C01300	green
C00280	green
C00411	yellow
C13455	yellow
C15925	yellow
C11543	blue
C11907	green
C00412	yellow
C05324	yellow
C02199	yellow
C05838	green
G00002	yellow
C21189	yellow
C06201	blue
C03492	green
C00060	green
C16321	yellow
G00704	yellow
C20858	green
G00889	yellow
G13052	yellow
C01762	green
C00127	green
C11855	yellow
C01181	green
C16220	green
C20933	blue
C02000	yellow
C20121	yellow
C17331	yellow
C15799	yellow
C01170	blue
C02067	yellow
C17339	yellow
C00118	green
G00123	yellow
C11150	yellow
C16348	green
C06095	yellow
C00006	green
C04442	blue
C00185	green
C05642	yellow
C06187	blue
C19858	yellow
C00004	green
C03827	yellow
C05999	yellow
C11538	blue
C02920	yellow
C05951	green
C03733	blue
C02097	green
C05897	green
C01262	yellow
C05487	yellow
C06250	green
C05109	yellow
C03231	yellow
C00265	yellow
C00445	green
C01326	yellow
C00013	green
C01228	green
C00588	yellow
G00144	yellow
C00151	yellow
C21926	yellow
C16362	yellow
C06364	blue
C01077	blue
C20238	green
C03373	green
C02356	yellow
C21943	yellow
C15558	yellow
C00180	green
C14099	green
C00233	green
C16470	blue
C12144	yellow
C14854	yellow
C00108	green
C00582	blue
C00942	yellow
G13081	yellow
C05668	yellow
C16238	green
C14805	yellow
C19586	yellow
C06178	yellow
C04487	yellow
C05893	green
C03871	blue
C00016	green
C01635	blue
C08614	yellow
C17556	blue
C02166	yellow
C23017	blue
C00438	green
C03201	yellow
C01164	yellow
C11572	yellow
C04702	blue
C04132	green
C17439	yellow
C05290	yellow
C14827	yellow
C01211	yellow
G13094	yellow
C16622	yellow
C00751	yellow
C01678	yellow
C15967	yellow
C04712	yellow
C00979	green
C00835	yellow
C00763	blue
C00921	green
C16487	yellow
G10488	yellow
C14769	yellow
C00077	green
C04332	green
G00035	yellow
G01391	green
C21018	green
C20909	yellow
C04462	blue
C02094	yellow
C00001	green
C14869	yellow
C00333	yellow
C00331	yellow
G10818	yellow
C21935	yellow
C17432	yellow
C09665	yellow
G13098	yellow
C12739	green
C06329	yellow
C22500	yellow
C05589	yellow
C00062	green
C01367	blue
C20862	yellow
C05141	yellow
C15519	yellow
C00221	green
C01031	yellow
C16540	yellow
G13351	yellow
C16300	yellow
C00302	green
C15792	yellow
C14845	yellow
C00078	green
C01527	yellow
C11436	green
C00203	yellow
C00504	green
C06098	yellow
C00500	yellow
C03657	yellow
C16400	blue
C14850	yellow
C05582	yellow
G00068	yellow
G00158	yellow
C19745	blue
G00064	yellow
C05172	green
C09614	yellow
C01335	green
C00350	green
C05341	yellow
C04738	green
C00243	yellow
C05909	yellow
C01378	yellow
C00470	green
C00207	blue
C15587	green
C00631	green
C00555	green
C21939	yellow
C05831	yellow
C16242	blue
C20239	green
C04882	blue
C01674	green
G11160	green
C05366	yellow
C00089	green
C00325	yellow
C03691	yellow
C20248	blue
C01233	yellow
G00177	blue
C01382	yellow
C01573	yellow
C15972	green
C03741	green
C21029	green
G00028	yellow
C01744	blue
C15976	green
C00558	blue
G00066	yellow
C11821	yellow
C05335	green
C04895	green
G00062	yellow
C08285	yellow
C00483	yellow
C00253	green
C05284	yellow
C21665	yellow
C02702	green
C11136	yellow
C11376	yellow
C02835	green
C16587	green
C01112	green
G00085	yellow
C07086	green
C02249	yellow
C02495	yellow
C05965	yellow
C04185	yellow
C05361	yellow
C11811	green
C04419	green
C22963	yellow
C00785	green
C04598	yellow
C17322	blue
C04708	yellow
C05903	yellow
G00117	yellow
C20237	blue
C02373	yellow
C00036	green
C06615	green
C05449	yellow
C01724	yellow
C19616	yellow
C03175	green
C05434	yellow
C09320	yellow
C15525	yellow
C15798	yellow
C04832	blue
C01179	green
C17215	green
G11492	yellow
C00446	green
C14849	yellow
C20907	yellow
C00106	green
C00559	green
G00120	yellow
C15858	yellow
C03291	blue
C01142	blue
C22412	blue
C01157	yellow
C14844	yellow
C00051	green
C15667	blue
C20246	blue
C03722	green
C01277	yellow
C16163	yellow
C16330	green
C06427	green
C21924	yellow
C02034	yellow
C01110	yellow
C05350	yellow
C05703	green
C00630	green
C01069	yellow
C22831	yellow
G00095	yellow
C14839	yellow
C00305	yellow
C10044	yellow
C04877	blue
C21767	blue
C05973	green
C01697	yellow
C00461	green
G00023	yellow
C00195	green
C00389	green
C16168	yellow
C16252	yellow
C09332	green
C03906	yellow
C16448	yellow
C00132	green
C00165	blue
C02741	green
G00162	yellow
C15975	green
C16565	green
C02839	green
G10555	green
C00319	green
C00931	green
C05634	yellow
C02953	green
C02031	yellow
C22120	yellow
C16663	yellow
C05413	yellow
C01673	yellow
C06426	yellow
C19606	yellow
C17440	yellow
C00026	green
G00108	green
C07479	blue
C00691	blue
C00448	green
C04691	green
C21667	yellow
C00101	green
C05465	yellow
C03455	yellow
C00346	yellow
G10598	yellow
C15970	yellow
C00122	green
C05827	yellow
C00126	green
C21084	yellow
C00681	green
C00978	yellow
C00632	yellow
C00984	green
C00255	green
C17562	yellow
C01252	yellow
C02504	green
C05947	yellow
C08579	yellow
C21017	green
C05378	green
C01236	green
C00049	green
G13042	yellow
C16632	yellow
C15813	green
C15883	yellow
C19080	green
C01346	green
C00067	green
C01241	yellow
C02273	yellow
C02921	yellow
C01389	yellow
C03740	green
G11113	yellow
C16236	green
C00850	yellow
C06127	yellow
C03242	yellow
C03917	yellow
C00905	blue
C21384	yellow
C16517	yellow
C01929	green
C16619	green
C05966	yellow
C05504	yellow
G13163	blue
C05103	yellow
C00603	yellow
C01194	yellow
C15796	yellow
C11134	yellow
G00157	yellow
C00376	green
C05760	green
C04494	green
G10481	green
C00311	green
C17345	yellow
C03541	green
C10646	yellow
C05852	yellow
C07836	blue
C22467	yellow
G00088	yellow
C03771	yellow
C04932	green
C00712	yellow
C05770	yellow
C06103	green
C15811	green
C19574	yellow
C15646	yellow
C05546	yellow
C00117	green
C06424	yellow
C19623	yellow
C03313	green
C01246	yellow
C00884	yellow
C04157	green
C01962	green
C18055	blue
C16311	yellow
C01205	green
C02637	green
C01721	blue
C00029	green
C16265	yellow
C04930	yellow
C05653	yellow
C15794	yellow
C06429	yellow
G13023	yellow
C05627	blue
C22443	green
C02582	yellow
C00153	green
C01304	green
C23055	yellow
C02139	yellow
C03586	blue
C05946	green
C16519	green
C16471	yellow
C21748	yellow
C01165	green
C00800	yellow
C02530	yellow
C00232	yellow
C02939	green
C11512	yellow
C05122	yellow
C01083	green
C00475	green
C11521	yellow
C12134	yellow
C02528	green
C20748	blue
C15981	yellow
C03546	yellow
G00054	yellow
C15801	yellow
C03547	yellow
C11638	blue
C01161	yellow
C05503	yellow
C00577	green
C21217	yellow
G00051	yellow
C20958	blue
C05993	green
C15816	yellow
C05690	yellow
C11554	yellow
C04734	green
G10557	blue
C01468	blue
C05273	yellow
C02934	yellow
C00643	yellow
C21486	yellow
C15795	yellow
C05598	yellow
G00071	yellow
C16237	green
C01514	yellow
C00636	green
C04043	yellow
C04525	yellow
G00119	yellow
G00042	yellow
G10504	yellow
C15650	yellow
C21203	yellow
G13038	yellow
C00847	yellow
C06397	blue
C22160	green
C02291	green
C14045	yellow
C00877	green
C08585	yellow
C12448	yellow
C05922	green
C09762	yellow
G00072	yellow
C05692	yellow
C05819	green
C00352	green
C00061	green
C00187	yellow
C05127	yellow
C00843	yellow
C00059	green
C22116	yellow
C20659	yellow
C16405	yellow
C07646	yellow
C16577	yellow
C18237	green
C04851	green
C04666	green
C15804	yellow
C12634	yellow
G10982	yellow
C00362	yellow
C01187	blue
G00125	yellow
C19787	blue
G00094	yellow
C18040	green
C05235	blue
C01286	blue
C02248	yellow
C02745	green
G13087	yellow
C15973	green
C00356	green
C08276	yellow
C03453	blue
C21172	yellow
G10622	yellow
C16560	yellow
C00040	green
G00255	yellow
C05581	yellow
G00017	yellow
G00024	yellow
C03150	green
G13039	green
C14851	yellow
C16374	yellow
C03461	yellow
C04377	green
C13747	yellow
C11829	yellow
C01242	green
C06032	green
C04295	yellow
C05775	blue
C06482	yellow
C04154	blue
C11148	yellow
C04938	yellow
C16756	yellow
C01024	green
C00364	green
G00020	yellow
G00089	yellow
C11523	yellow
C01219	blue
C11278	yellow
C05116	yellow
C00695	green
C03012	yellow
C02512	yellow
G00164	yellow
C16219	green
C21310	green
C04425	green
C05202	yellow
C00217	green
C21214	green
C14857	yellow
C00152	green
C05337	yellow
C04646	green
C00499	yellow
C01061	yellow
C00527	green
C06398	blue
C00178	green
C05924	green
C02477	yellow
C15966	yellow
C20694	yellow
C20374	green
C03998	yellow
C14855	yellow
C05485	yellow
C00363	green
C02483	yellow
C03363	green
C11854	yellow
C02863	yellow
C00550	yellow
C04752	green
C05778	yellow
C00887	blue
G00037	yellow
C19812	yellow
G12396	yellow
C06196	yellow
C14826	yellow
C01035	yellow
C19620	yellow
C04475	yellow
C00366	green
C15977	green
C19647	blue
C00206	green
C06024	green
C04257	green
C05817	green
C16578	yellow
G00115	yellow
C16631	green
C00509	green
C16635	yellow
C15602	blue
G00021	yellow
C02430	green
C16358	yellow
C04244	yellow
C01101	blue
C05381	green
G10597	yellow
C01132	green
C16341	yellow
C16630	yellow
G00047	yellow
C01953	yellow
C05200	yellow
C04281	green
C08580	yellow
C11641	yellow
C07585	yellow
C22121	yellow
C13550	yellow
C20120	yellow
C13712	yellow
C00454	green
C03511	green
C13508	yellow
C16681	yellow
C20258	green
C19764	yellow
C05437	yellow
C05345	green
C14823	yellow
C05360	yellow
C05340	yellow
C05694	yellow
C00269	green
C01143	yellow
C00669	green
C06377	blue
G00317	green
C12667	yellow
C00857	green
C04039	green
C00110	yellow
C04143	yellow
C19803	yellow
C20908	yellow
C05312	blue
C00388	green
C05949	yellow
C21485	blue
C00212	green
C18094	green
C01284	yellow
C05695	green
C02352	green
C00925	yellow
C00365	green
G10595	yellow
C18042	yellow
C08325	green
C00257	yellow
C11039	green
C20833	yellow
C00544	yellow
C00208	green
C00069	green
C04635	green
C06562	yellow
C06341	yellow
C03089	green
C00935	yellow
C06089	yellow
C14778	yellow
C02990	yellow
C20751	green
C00064	green
C00251	green
C00378	green
C00272	yellow
C03162	yellow
C20836	green
C21387	blue
C19489	yellow
C05898	green
C00323	yellow
C03845	yellow
C05212	yellow
C16610	yellow
C20784	yellow
C05271	green
C02050	yellow
C05432	yellow
C02964	blue
C14853	yellow
C00810	blue
C16837	yellow
C20454	yellow
G00112	yellow
C11869	yellow
C22851	yellow
C01921	yellow
C12455	green
G13177	blue
G10619	green
C00327	green
C20345	blue
C02992	green
C17231	green
G13035	yellow
C03972	green
C02679	green
C04840	yellow
G00016	yellow
C00084	green
C00430	yellow
C03974	yellow
C08492	yellow
G10665	green
C01801	green
C00010	green
C21386	blue
C17336	yellow
C01755	green
C22421	yellow
C00526	green
C05610	yellow
C16142	yellow
C00041	green
C16614	yellow
C00282	blue
C05544	yellow
C06062	yellow
C06222	yellow
C22458	green
C16618	green
C16243	blue
C00954	green
C00789	green
C00696	yellow
C22852	yellow
C06399	blue
C05414	yellow
C15486	yellow
G00113	yellow
C19770	blue
G13053	yellow
C00590	yellow
C14152	yellow
C20690	yellow
C00188	green
C05580	yellow
G00003	yellow
C01080	blue
C19566	yellow
C04349	blue
C20906	blue
C00957	green
C05356	yellow
C11827	blue
C04574	blue
C20377	green
C05130	yellow
C06006	green
C01212	blue
C00581	yellow
C00783	yellow
C17952	blue
C00543	yellow
C05906	yellow
C03205	yellow
C00266	green
C00761	yellow
C17938	yellow
C00644	blue
C17219	green
C01789	yellow
C14818	green
C14866	yellow
G11121	green
C00025	green
C14814	yellow
C11472	blue
C02035	yellow
C06124	yellow
C01115	yellow
C00334	green
G13153	yellow
C20764	yellow
C00267	green
C01645	blue
C10434	yellow
C00092	green
C02323	blue
C01234	yellow
C21509	yellow
C01177	green
C00259	green
C00944	green
C03345	green
C06001	yellow
C15783	yellow
G00154	yellow
C05840	green
C20236	blue
C20768	blue
C01203	yellow
C00033	green
G00083	yellow
C02305	yellow
C06408	blue
C15980	green
G00074	yellow
C14808	yellow
C02880	yellow
C02189	yellow
C11924	green
C22974	yellow
C04778	blue
C06503	blue
C06193	blue
C07330	yellow
C05269	green
C05904	yellow
C03742	green
C00951	yellow
C20935	yellow
C00116	green
C02165	yellow
C01595	green
C00295	green
C00894	green
C05332	yellow
C04751	blue
C21015	green
C16218	yellow
C00410	green
C02188	green
C02091	yellow
C04582	green
C05379	green
G13062	yellow
C06002	yellow
C05665	yellow
C00568	green
C21880	blue
G13180	blue
C05748	green
C05588	yellow
C22155	green
G00063	yellow
C00124	green
C00501	blue
C21334	green
C00788	yellow
C12632	green
C00584	yellow
C00673	green
C01617	yellow
C06428	yellow
C05938	yellow
C00065	green
C04236	green
G03532	yellow
G13118	blue
C09751	yellow
G00031	yellow
C20658	green
C02763	yellow
C05267	green
C00268	yellow
C08362	yellow
C18305	yellow
C05502	yellow
C21152	blue
C05822	blue
C00256	green
C17244	yellow
G13061	green
C22971	yellow
C06311	blue
C01419	green
C00249	green
C17552	yellow
C14864	yellow
C17559	yellow
C04260	blue
G12336	yellow
G00159	yellow
C20692	yellow
C05729	green
C05313	yellow
C05275	yellow
C00547	yellow
C20776	yellow
C00517	yellow
C01159	yellow
C02659	green
C05302	yellow
G00126	yellow
C22563	yellow
C04376	green
C01182	yellow
C17212	green
G11136	yellow
C15930	blue
C11874	yellow
C14781	yellow
C04823	green
C01042	yellow
G13091	yellow
G00082	yellow
C22964	yellow
G05914	yellow
C15780	yellow
C19859	green
C00103	green
G00116	yellow
C02220	yellow
C21459	yellow
C07447	yellow
C11861	yellow
C01312	yellow
G13187	blue
G13097	yellow
C22968	yellow
C23007	blue
G13080	yellow
C05279	yellow
C00441	green
C20451	green
C00455	green
C02686	green
C05139	yellow
C03785	green
C00852	yellow
C17217	green
C18910	blue
G00058	yellow
G10526	yellow
C03272	green
C03684	green
G00179	yellow
G01977	yellow
C01879	yellow
C15672	yellow
C12270	yellow
C00811	yellow
G13171	blue
C15808	yellow
C19592	yellow
C15776	yellow
C01180	yellow
C05454	yellow
C05763	green
C06093	yellow
C20062	blue
C14865	yellow
G10913	yellow
G13051	yellow
C00836	yellow
C05983	green
C13309	yellow
C15996	blue
G00209	yellow
C22667	yellow
C06212	yellow
C15495	blue
C05448	yellow
C15613	yellow
C03069	green
G13092	yellow
C00024	green
C16836	yellow
G10505	yellow
G13186	blue
C02429	blue
G00156	yellow
G10596	yellow
G00140	yellow
G00019	yellow
C00167	green
C01097	blue
G00076	yellow
C21335	blue
C04181	green
C16217	yellow
C21178	blue
C15603	green
C02350	yellow
C05796	green
C04556	green
C04759	yellow
C06000	yellow
G00872	yellow
C01036	yellow
C04652	green
C00689	green
C03227	yellow
C05479	yellow
C00199	green
C02110	yellow
C05684	green
C14801	yellow
C02226	green
C03595	yellow
G00148	yellow
G00022	yellow
C04152	blue
C06547	green
C02554	green
G00319	yellow
C05844	green
C04334	blue
C04570	green
C16172	yellow
C21456	yellow
C00222	green
C01769	blue
C15793	yellow
C02888	blue
C08650	yellow
C04308	yellow
C04707	yellow
C00186	blue
C04654	yellow
G00143	yellow
C00760	green
C21072	yellow
C15578	yellow
C05647	yellow
C00119	green
C06240	blue
C00519	green
C00043	green
C05797	yellow
C05981	yellow
C04742	yellow
C05294	yellow
G13029	yellow
C00385	green
C05306	yellow
C04534	blue
C05905	yellow
C05974	green
C09704	yellow
C01586	yellow
C18231	yellow
C04748	yellow
C22555	yellow
C01074	yellow
C01117	green
C02183	blue
C17949	blue
C00275	green
C05125	green
C01533	yellow
G00056	yellow
C04554	green
C00502	blue
C00886	green
C14802	yellow
G10511	yellow
C01235	yellow
C07335	blue
C00044	green
C09827	yellow
C04805	yellow
C00027	green
C05587	yellow
C16356	yellow
G13093	yellow
C05272	yellow
C21662	yellow
C22151	green
C05433	yellow
C02315	blue
G00079	yellow
C06082	yellow
C15493	yellow
C20879	yellow
C00139	green
G00029	yellow
C00168	green
C00627	green
C02266	yellow
C03427	yellow
C05631	yellow
C01226	yellow
G00370	yellow
C19723	blue
C00234	green
C00670	yellow
C14899	blue
C00134	green
C05639	yellow
C05422	yellow
C04133	green
C00011	green
C22979	yellow
C00111	green
C00804	green
C14863	yellow
C00262	green
C02987	green
C02872	yellow
C02170	green
C00007	green
C00740	yellow
G00098	yellow
G13175	blue
C01272	yellow
C15926	yellow
C01356	yellow
C21190	yellow
C00055	green
C02843	green
C21300	yellow
C01185	green
C00235	yellow
C03405	green
C00081	green
G00077	yellow
C22502	green
C05711	green
C00330	green
C06025	green
C05394	green
C00436	green
C01279	green
C04884	yellow
C22161	blue
C19879	blue
C00693	green
C14871	yellow
C00634	yellow
C00512	blue
C03892	green
C03294	green
C21955	blue
C08813	yellow
C08491	yellow
C16221	green
C05855	yellow
C01909	green
C14858	yellow
C20796	green
C02339	yellow
C00668	green
C14852	yellow
C00685	green
C00639	yellow
C15807	yellow
C00014	green
C20840	yellow
C00030	green
C14842	yellow
G13028	yellow
C21999	blue
G13054	yellow
G00124	yellow
C05744	green
G00161	yellow
G13043	yellow
C04144	green
C02876	blue
G13200	blue
C00361	green
C19617	yellow
C00642	yellow
C16323	yellow
C11873	yellow
C06113	green
C00157	yellow
C00473	green
C01134	green
C01137	yellow
C00310	green
G00180	yellow
C20455	yellow
C21995	blue
C01290	green
C15805	yellow
C01598	yellow
C21461	blue
C12835	yellow
C05301	yellow
C14793	yellow
C00094	green
G00090	yellow
C01355	blue
C05686	green
C11133	yellow
C00096	green
G13188	blue
C05512	green
C00322	green
C12124	yellow
C08821	yellow
C06054	green
C16469	yellow
C00536	green
C07712	yellow
C04076	yellow
C06056	green
C16359	yellow
C16338	green
C12633	yellow
G00007	yellow
C20723	yellow
C00618	yellow
C00635	yellow
C05439	yellow
C22202	yellow
C00777	yellow
C16420	yellow
C00091	green
C05404	green
C00128	yellow
C22501	green
C18043	yellow
C04188	green
C05396	blue
C18038	yellow
C22499	yellow
C00700	yellow
C11540	blue
C01958	yellow
C20183	yellow
C14154	yellow
C22122	yellow
G00052	yellow
C05673	yellow
C02232	green
C03035	yellow
C00576	green
C16426	yellow
C20562	blue
C00283	green
C15812	green
C20969	green
G00128	yellow
C02988	green
C01996	yellow
G13193	blue
C16695	yellow
C18021	yellow
C00288	green
C15514	yellow
C00192	blue
C15606	yellow
C06254	yellow
C16620	yellow
C00780	yellow
C00705	green
C02588	yellow
C21106	yellow
G00249	yellow
C16688	blue
C16680	yellow
C00042	green
G00081	yellow
C00655	green
C20877	yellow
C00177	yellow
C19646	yellow
C14775	yellow
C03287	green
C02527	blue
C05936	yellow
C00641	green
C00818	green
C05467	yellow
C05199	blue
C16561	yellow
G00109	yellow
C00683	green
C00270	yellow
C05198	green
C16520	yellow
C04874	green
C22564	yellow
C05161	blue
C01026	yellow
C02061	yellow
C00194	green
C12145	yellow
C09099	blue
C00099	green
C02100	yellow
G00163	yellow
C00620	green
C02133	blue
C01092	green
C21879	blue
C21671	yellow
C20660	yellow
C19759	yellow
C00223	yellow
C05619	yellow
C22832	yellow
C16832	green
C00974	yellow
C01604	yellow
C01151	blue
G00009	yellow
C04063	yellow
C01330	blue
C04062	yellow
C00601	yellow
G13036	yellow
C04409	yellow
C20734	yellow
G13096	yellow
C04404	blue
C05270	yellow
C21453	blue
C07490	green
C11143	blue
C00719	yellow
G00084	yellow
C16387	yellow
C00386	yellow
C15781	yellow
C20738	yellow
C02631	green
C05623	blue
C13425	yellow
C21381	yellow
C04246	green
C02700	yellow
C19771	blue
C15802	yellow
C02642	green
C19874	yellow
C21383	yellow
C03460	green
C14803	yellow
C03033	yellow
G00392	yellow
C01259	yellow
C00424	blue
C22438	green
C05295	yellow
C00162	green
C02538	yellow
C15547	green
C00417	green
C00357	green
C20378	green
G13025	yellow
C00137	green
C02222	yellow
C15518	yellow
C03939	yellow
C00530	blue
C01659	yellow
C03862	green
C04501	green
G00151	yellow
C01138	blue
C11876	yellow
C08586	yellow
C05442	yellow
C01302	green
C00593	blue
C14804	yellow
C00219	green
C04037	yellow
C15647	yellow
C22975	yellow
C05933	yellow
C06102	green
C05712	green
C06755	green
C03366	yellow
C06365	blue
C00398	yellow
C05753	green
C02947	yellow
C01802	yellow
C00965	yellow
C00012	green
C20693	yellow
C01380	yellow
C01120	yellow
G13060	green
C02591	yellow
C20752	green
G13191	blue
C06135	yellow
C15670	yellow
C05500	yellow
C00143	green
C05259	green
C00105	green
G13152	yellow
C00109	green
C19875	green
C02474	green
C01902	yellow
C16634	green
C06118	green
C05579	yellow
C00993	blue
C05809	blue
C19624	yellow
C15791	yellow
C16404	yellow
C05754	green
C20446	blue
C01978	yellow
C01222	green
C01345	green
G13056	yellow
C19880	blue
C20484	yellow
C04555	yellow
C19590	yellow
G13164	blue
C00244	green
C04146	blue
C05444	yellow
C09306	blue
C02288	yellow
C06213	yellow
C00956	yellow
C05635	green
G13030	yellow
C04122	blue
C00750	yellow
C22969	yellow
C04644	green
C21366	yellow
C02666	yellow
G00008	yellow
C00339	yellow
C01081	green
C00245	green
C00355	yellow
C17335	yellow
C05688	green
C06425	yellow
C00301	yellow
G10794	yellow
C10208	green
C06481	green
C14847	yellow
C19607	yellow
C00490	yellow
C18218	yellow
C14145	yellow
C05528	green
C13952	blue
C02984	green
C16244	blue
C18048	blue
C14870	yellow
C00439	green
C00988	yellow
C21115	yellow
C00463	green
C00795	blue
C00637	yellow
C14774	yellow
C00002	green
C19848	green
C06114	green
C00147	green
C00189	green
C05676	yellow
G00114	yellow
C16332	yellow
C00229	green
C14813	yellow
C22136	yellow
C02282	green
C19604	yellow
C21873	blue
C11870	yellow
C05263	green
C01102	green
C14777	yellow
C03506	green
C00197	green
C00021	green
C00472	yellow
G00160	yellow
C01079	yellow
C00141	green
C15806	yellow
C08604	yellow
C01352	green
G13095	yellow
C00236	green
C04051	green
C01888	blue
C04233	green
C16322	yellow
C00332	green
C05908	yellow
G00141	yellow
G00118	yellow
C01935	green
C01113	blue
C05430	yellow
C00860	green
C04916	green
C05445	green
C21749	green
C00315	green
C00606	yellow
C18243	yellow
C09826	yellow
C21114	yellow
C00231	green
C14861	yellow
C04573	blue
C06508	green
C02571	yellow
C00859	yellow
C00080	green
C03375	blue
C01943	yellow
C00239	yellow
C15800	yellow
C01176	green
C04536	yellow
G00178	yellow
G10621	yellow
C01289	blue
C06320	blue
C00125	blue
C05435	yellow
C05489	yellow
C00086	green
C00688	blue
G00018	yellow
C20458	yellow
C04118	yellow
C04242	green
C02269	blue
C05443	yellow
G13044	yellow
C03852	yellow
C20372	green
C11522	yellow
C21751	green
G00093	green
C14848	yellow
C04922	yellow
C03344	green
C18096	blue
G00711	green
C21031	yellow
C00885	green
C01152	yellow
C19847	blue
C04672	yellow
C00083	green
C00822	yellow
C05446	yellow
C14786	yellow
G05477	yellow
C02515	yellow
C00349	yellow
G00289	green
C00360	yellow
C01794	yellow
C15556	green
C00546	green
C20267	yellow
C10385	yellow
C01636	yellow
C17549	blue
G00039	yellow
C00923	blue
C04180	blue
C05859	yellow
C14770	yellow
C04640	green
C15797	yellow
C08584	yellow
C00048	green
C14806	yellow
G04561	yellow
C00674	yellow
C05539	blue
C06205	yellow
C00615	blue
G00127	yellow
C00242	green
C00053	green
C13050	yellow
C21845	yellow
C00462	yellow
C16310	yellow
C18872	yellow
C00468	yellow
C16466	green
C05643	yellow
C21440	green
C16365	yellow
C21663	yellow
G13073	yellow
C05382	green
C02714	green
C22967	yellow
C19609	blue
C11555	yellow
C15974	green
C00342	green
C21435	yellow
C00510	yellow
C00140	green
C00184	blue
C04549	yellow
C06251	blue
G00736	yellow
C00679	blue
C00250	green
C00015	green
C03692	green
C01829	yellow
G00011	yellow
C15522	yellow
C03715	yellow
C00018	green
C18217	yellow
C11620	yellow
C21906	blue
C12206	yellow
C05527	green
C21153	blue
C14771	yellow
C14146	yellow
C06148	green
C11831	yellow
C04282	yellow
C20742	yellow
C00164	green
C12215	green
C05385	yellow
C00986	yellow
C17554	yellow
C20737	yellow
C04785	yellow
G10770	yellow
C17328	yellow
C12126	yellow
C03512	green
C01041	yellow
C21851	blue
C04807	green
G09660	green
C16327	yellow
C05773	blue
C04756	yellow
G10599	yellow
C16253	yellow
G00015	yellow
C06096	yellow
C06416	blue
C12137	yellow
C03221	yellow
C05497	yellow
C11481	blue
C05594	yellow
C00540	yellow
C20825	yellow
C00148	green
C05490	yellow
C00299	green
G10238	yellow
C00181	yellow
C13051	yellow
C02325	yellow
C16591	yellow
G00403	yellow
C16490	yellow
C00052	green
C20837	yellow
C19490	yellow
C13453	yellow
C05848	green
G00004	yellow
C00075	green
C16551	green
C01118	blue
G00032	yellow
C14819	green
C06509	blue
C20373	green
C16545	yellow
C00842	blue
C01268	green
C00068	green
C19605	yellow
C06891	blue
C02687	yellow
C03579	yellow
C00237	green
C15610	yellow
C00138	green
C22965	yellow
C00286	green
C05750	green
G00971	yellow
C03723	yellow
C02985	green
C01096	blue
C21877	blue
C02218	green
C16633	green
C03594	yellow
C00828	yellow
C03589	blue
G00111	yellow
C19588	yellow
C05300	yellow
C21171	yellow
C02612	blue
C01054	yellow
C00531	blue
C02918	yellow
C01571	green
C00224	green
G00097	yellow
C21861	green
C16334	green
C00009	green
C01231	yellow
C17343	yellow
G00014	yellow
C13645	yellow
